<?xml version="1.0"?>
<opencv_storage>
<f_intrinsic type_id="opencv-matrix">
  <rows>3</rows>
  <cols>3</cols>
  <dt>d</dt>
  <data>
    4.2103854546009865e+02 0. 6.2601859985400472e+02 0.
    4.1981464186768375e+02 5.3340627812772868e+02 0. 0. 1.</data></f_intrinsic>
<f_distortion type_id="opencv-matrix">
  <rows>4</rows>
  <cols>1</cols>
  <dt>d</dt>
  <data>
    -6.7975633384265474e-02 1.4414362288463912e-03
    -1.6935734728415050e-03 1.8303827998757051e-04</data></f_distortion>
<f_P type_id="opencv-matrix">
  <rows>3</rows>
  <cols>3</cols>
  <dt>d</dt>
  <data>
    4.2103854546009865e+02 0. 6.2601859985400472e+02 0.
    4.1981464186768375e+02 5.3340627812772868e+02 0. 0. 1.</data></f_P>
<l_intrinsic type_id="opencv-matrix">
  <rows>3</rows>
  <cols>3</cols>
  <dt>d</dt>
  <data>
    4.2152783261146408e+02 0. 6.4147904781351303e+02 0.
    4.2043692183552548e+02 5.3802697415624482e+02 0. 0. 1.</data></l_intrinsic>
<l_distortion type_id="opencv-matrix">
  <rows>4</rows>
  <cols>1</cols>
  <dt>d</dt>
  <data>
    -6.8085899968772720e-02 1.8629740370403704e-03
    -2.4355428972352624e-03 3.5733231901162785e-04</data></l_distortion>
<l_P type_id="opencv-matrix">
  <rows>3</rows>
  <cols>3</cols>
  <dt>d</dt>
  <data>
    4.2152783261146408e+02 0. 6.4147904781351303e+02 0.
    4.2043692183552548e+02 5.3802697415624482e+02 0. 0. 1.</data></l_P>
<b_intrinsic type_id="opencv-matrix">
  <rows>3</rows>
  <cols>3</cols>
  <dt>d</dt>
  <data>
    4.2154155225304669e+02 0. 6.3266817200417415e+02 0.
    4.2030253151479820e+02 5.4663924747905469e+02 0. 0. 1.</data></b_intrinsic>
<b_distortion type_id="opencv-matrix">
  <rows>4</rows>
  <cols>1</cols>
  <dt>d</dt>
  <data>
    -6.3996566437201516e-02 -3.1467221538257193e-03
    6.3668064614681469e-04 -3.2900159177727951e-04</data></b_distortion>
<b_P type_id="opencv-matrix">
  <rows>3</rows>
  <cols>3</cols>
  <dt>d</dt>
  <data>
    4.2154155225304669e+02 0. 6.3266817200417415e+02 0.
    4.2030253151479820e+02 5.4663924747905469e+02 0. 0. 1.</data></b_P>
<r_intrinsic type_id="opencv-matrix">
  <rows>3</rows>
  <cols>3</cols>
  <dt>d</dt>
  <data>
    4.1945105229239141e+02 0. 6.4172095805450306e+02 0.
    4.1836382051072673e+02 5.3618982182467983e+02 0. 0. 1.</data></r_intrinsic>
<r_distortion type_id="opencv-matrix">
  <rows>4</rows>
  <cols>1</cols>
  <dt>d</dt>
  <data>
    -6.7506669680312353e-02 1.1688484785339235e-03
    -1.1308671132128341e-03 -1.7798842520492473e-04</data></r_distortion>
<r_P type_id="opencv-matrix">
  <rows>3</rows>
  <cols>3</cols>
  <dt>d</dt>
  <data>
    4.1945105229239141e+02 0. 6.4172095805450306e+02 0.
    4.1836382051072673e+02 5.3618982182467983e+02 0. 0. 1.</data></r_P>
</opencv_storage>
